#---------------- password emma ---------------------------
INSERT INTO User(id,username,email,password,dob) VALUES('QKedDkxLZFOPQS8pAhkj01','Emma rock','Emma@gmail.com','f4aa0655cdb8d4fcf6f719c7a786de10556783c70bfb8ef1d78923482fe6ebbc','2000-09-1');

INSERT INTO Playlist (id,creator,name,isDailySuggestion)
VALUES ('qkEDdKXlzfopqs8PaHKJ01','spotty#id#123456789123','DailyMix',1);

INSERT INTO DailySuggestion (id,suggestedFor)
VALUES ('qkEDdKXlzfopqs8PaHKJ01','QKedDkxLZFOPQS8pAhkj01');
#---------------------------------------------------------

#------------- password andres ---------------------------
INSERT INTO User(id,username,email,password,dob) VALUES('fDvg6G63EGWEDstKuQ3u02','Andres rap','Andres@gmail.com','0a92efb1b91ac02c858ab205fbb6baf44d67e8d1e625600a11020cfae50065da','1989-01-12');

INSERT INTO Playlist (id,creator,name,isDailySuggestion)
VALUES ('FdVG6g63egwedSTkUq3U02','spotty#id#123456789123','DailyMix',1);

INSERT INTO DailySuggestion (id,suggestedFor)
VALUES ('FdVG6g63egwedSTkUq3U02','fDvg6G63EGWEDstKuQ3u02');
#----------------------------------------------------------

#------------------- password gabby -----------------------
INSERT INTO User(id,username,email,password,dob) VALUES('9fPfGMn2IJJZG1Sy0J1t03','Gabby country','Gabby@gmail.com','c7b9bdd40758eaa827b7abc1fc31408901ac99cef4f3891c1fb3598f531bb9e6','2005-11-11');

INSERT INTO Playlist (id,creator,name,isDailySuggestion)
VALUES ('9FpFgmN2ijjzg1sY0j1T03','spotty#id#123456789123','DailyMix',1);

INSERT INTO DailySuggestion (id,suggestedFor)
VALUES ('9FpFgmN2ijjzg1sY0j1T03','9fPfGMn2IJJZG1Sy0J1t03');
#----------------------------------------------------------

#------------------- password ryoga -----------------------
INSERT INTO User(id,username,email,password,dob) VALUES('wz9xHeLMgQpjo7Nhwidp04','Ryoga pop','Ryoga@gmail.com','cedee8097b415089c67aff92192cd32ef2ffb7ea86fcbc0900ec071362c07994','1997-05-22');

INSERT INTO Playlist (id,creator,name,isDailySuggestion)
VALUES ('WZ9XhElmGqPJO7nHWIDP04','spotty#id#123456789123','DailyMix',1);

INSERT INTO DailySuggestion (id,suggestedFor)
VALUES ('WZ9XhElmGqPJO7nHWIDP04','wz9xHeLMgQpjo7Nhwidp04');
#----------------------------------------------------------


#------------------- password luke -----------------------
INSERT INTO User(id,username,email,password,dob) VALUES('RBtBUZTItc3plsuGbxGJ05','Luke hip hop','Luke@gmail.com','cccf52f3d03c5072ee64a136f74fc56b27e04f15ffe5d1d277d58ab18d94b327','2001-02-28');

INSERT INTO Playlist (id,creator,name,isDailySuggestion)
VALUES ('rbTbuztiTC3PLSUgBXgj05','spotty#id#123456789123','DailyMix',1);

INSERT INTO DailySuggestion (id,suggestedFor)
VALUES ('rbTbuztiTC3PLSUgBXgj05','RBtBUZTItc3plsuGbxGJ05');
#----------------------------------------------------------

INSERT INTO Playlist (id,creator,name) VALUES('PrsS4E1r054PsZUyl4MTix','QKedDkxLZFOPQS8pAhkj01','rock0');
INSERT INTO Playlist (id,creator,name) VALUES('GB7mqCD8Qjw2gHRg1854Qm','QKedDkxLZFOPQS8pAhkj01','rock1');
INSERT INTO Playlist (id,creator,name) VALUES('uEW6GeHCTKiLAkrB2A3cOZ','QKedDkxLZFOPQS8pAhkj01','rock2');
INSERT INTO Playlist (id,creator,name) VALUES('NA2aYqVdEALi499lRYuqfu','QKedDkxLZFOPQS8pAhkj01','rock3');
INSERT INTO Playlist (id,creator,name) VALUES('WSVaeQF40xY6qEhhSCsbfA','fDvg6G63EGWEDstKuQ3u02','rap0');
INSERT INTO Playlist (id,creator,name) VALUES('7Tu7fhjaFbJabiZTj6i30x','fDvg6G63EGWEDstKuQ3u02','rap1');
INSERT INTO Playlist (id,creator,name) VALUES('pUU47F2AVbrbrZn09ZvlnZ','fDvg6G63EGWEDstKuQ3u02','rap2');
INSERT INTO Playlist (id,creator,name) VALUES('eZnRqL7nh7NXW2EOQ2B8kd','fDvg6G63EGWEDstKuQ3u02','rap3');
INSERT INTO Playlist (id,creator,name) VALUES('mOd5giEfK8mWOCgB2QTM8s','9fPfGMn2IJJZG1Sy0J1t03','country0');
INSERT INTO Playlist (id,creator,name) VALUES('JbgJWXvmkciLFI3mQpGYjL','9fPfGMn2IJJZG1Sy0J1t03','country1');
INSERT INTO Playlist (id,creator,name) VALUES('VFq9fMG3WU07YmAPVOuRin','9fPfGMn2IJJZG1Sy0J1t03','country2');
INSERT INTO Playlist (id,creator,name) VALUES('kb2BooEX18RNOOWIoo3bUO','9fPfGMn2IJJZG1Sy0J1t03','country3');
INSERT INTO Playlist (id,creator,name) VALUES('R1kn0yocXXUlgLKG79yWH7','wz9xHeLMgQpjo7Nhwidp04','pop0');
INSERT INTO Playlist (id,creator,name) VALUES('8rNOd494DEYPasXarQUx5t','wz9xHeLMgQpjo7Nhwidp04','pop1');
INSERT INTO Playlist (id,creator,name) VALUES('6ijXKzWrvbH9AfBTP6A6EJ','wz9xHeLMgQpjo7Nhwidp04','pop2');
INSERT INTO Playlist (id,creator,name) VALUES('FjjwVrno0mJ57HybmyYSJ8','wz9xHeLMgQpjo7Nhwidp04','pop3');
INSERT INTO Playlist (id,creator,name) VALUES('AGo63tostpFODB023uapny','RBtBUZTItc3plsuGbxGJ05','hip hop0');
INSERT INTO Playlist (id,creator,name) VALUES('fY1hQJ08pO7QHlPcB3uIvG','RBtBUZTItc3plsuGbxGJ05','hip hop1');
INSERT INTO Playlist (id,creator,name) VALUES('2Fk174hLD7WUFNrC5Ct54n','RBtBUZTItc3plsuGbxGJ05','hip hop2');
INSERT INTO Playlist (id,creator,name) VALUES('a4dQRLCKdSUD8cXkWu80OB','RBtBUZTItc3plsuGbxGJ05','hip hop3');

INSERT INTO TrackBelongsToPlaylist(track,playlist,addedDate) VALUES('02KiSb9pYNhbT0zzm1RASE','PrsS4E1r054PsZUyl4MTix',NOW());
INSERT INTO TrackBelongsToPlaylist(track,playlist,addedDate) VALUES('02UcizqspSoabvdD4pX2pL','PrsS4E1r054PsZUyl4MTix',NOW());
INSERT INTO TrackBelongsToPlaylist(track,playlist,addedDate) VALUES('0A0t5TEXSZxDFyFwfRYFNf','PrsS4E1r054PsZUyl4MTix',NOW());
INSERT INTO TrackBelongsToPlaylist(track,playlist,addedDate) VALUES('0Qj97mPUnmujZBPCmWpCCW','PrsS4E1r054PsZUyl4MTix',NOW());
INSERT INTO TrackBelongsToPlaylist(track,playlist,addedDate) VALUES('0qZXAGI1FPTn0IM7tvyqrJ','PrsS4E1r054PsZUyl4MTix',NOW());
INSERT INTO TrackBelongsToPlaylist(track,playlist,addedDate) VALUES('0W7KIc2GSB9suYQAaMZ9rF','PrsS4E1r054PsZUyl4MTix',NOW());
INSERT INTO TrackBelongsToPlaylist(track,playlist,addedDate) VALUES('0yhlN8NHDBOHI2Ag1NYuEG','PrsS4E1r054PsZUyl4MTix',NOW());
INSERT INTO TrackBelongsToPlaylist(track,playlist,addedDate) VALUES('1A1JXSMsVOrPe2UV3PNhHl','PrsS4E1r054PsZUyl4MTix',NOW());
INSERT INTO TrackBelongsToPlaylist(track,playlist,addedDate) VALUES('1uHzOijTphRsfJHDXAIU4d','PrsS4E1r054PsZUyl4MTix',NOW());
INSERT INTO TrackBelongsToPlaylist(track,playlist,addedDate) VALUES('1V2CUcC2yzd0KfDFaxA8pe','PrsS4E1r054PsZUyl4MTix',NOW());
INSERT INTO TrackBelongsToPlaylist(track,playlist,addedDate) VALUES('1YEUxb72rwYLEUv48AC3eE','GB7mqCD8Qjw2gHRg1854Qm',NOW());
INSERT INTO TrackBelongsToPlaylist(track,playlist,addedDate) VALUES('22zRzwWJp3gfM1O00CsRGm','GB7mqCD8Qjw2gHRg1854Qm',NOW());
INSERT INTO TrackBelongsToPlaylist(track,playlist,addedDate) VALUES('2iYi14VuoyhTTzAvC9NON9','GB7mqCD8Qjw2gHRg1854Qm',NOW());
INSERT INTO TrackBelongsToPlaylist(track,playlist,addedDate) VALUES('2KGhAQ83cA7sD2oAwO4mXk','GB7mqCD8Qjw2gHRg1854Qm',NOW());
INSERT INTO TrackBelongsToPlaylist(track,playlist,addedDate) VALUES('2L8JkyWkJuEQmyolbBpoSP','GB7mqCD8Qjw2gHRg1854Qm',NOW());
INSERT INTO TrackBelongsToPlaylist(track,playlist,addedDate) VALUES('2ltv7f7hZwq79Xa4U8Bc3x','GB7mqCD8Qjw2gHRg1854Qm',NOW());
INSERT INTO TrackBelongsToPlaylist(track,playlist,addedDate) VALUES('2ntu7tqOb6eiKsejt5YVxb','GB7mqCD8Qjw2gHRg1854Qm',NOW());
INSERT INTO TrackBelongsToPlaylist(track,playlist,addedDate) VALUES('2SZNgkuj8iXfPq6HBcA1iP','GB7mqCD8Qjw2gHRg1854Qm',NOW());
INSERT INTO TrackBelongsToPlaylist(track,playlist,addedDate) VALUES('2vJGs4MGjpXpdTjdAO6Hjz','GB7mqCD8Qjw2gHRg1854Qm',NOW());
INSERT INTO TrackBelongsToPlaylist(track,playlist,addedDate) VALUES('2xMi9GG2hWkjgtgxfv1pSR','GB7mqCD8Qjw2gHRg1854Qm',NOW());
INSERT INTO TrackBelongsToPlaylist(track,playlist,addedDate) VALUES('2zpcDiFVgJ53BeMuJK40aX','uEW6GeHCTKiLAkrB2A3cOZ',NOW());
INSERT INTO TrackBelongsToPlaylist(track,playlist,addedDate) VALUES('2zqbu8PfKMlNHKBXUvLvWi','uEW6GeHCTKiLAkrB2A3cOZ',NOW());
INSERT INTO TrackBelongsToPlaylist(track,playlist,addedDate) VALUES('32Vv1jWKPEWeozUjm4Zvea','uEW6GeHCTKiLAkrB2A3cOZ',NOW());
INSERT INTO TrackBelongsToPlaylist(track,playlist,addedDate) VALUES('3diGzmb8R2b0LIuzXzia2Q','uEW6GeHCTKiLAkrB2A3cOZ',NOW());
INSERT INTO TrackBelongsToPlaylist(track,playlist,addedDate) VALUES('3EWv66RNUPkc1NT5lVSLqF','uEW6GeHCTKiLAkrB2A3cOZ',NOW());
INSERT INTO TrackBelongsToPlaylist(track,playlist,addedDate) VALUES('3iuwYa2720d206w4WgO2ZE','uEW6GeHCTKiLAkrB2A3cOZ',NOW());
INSERT INTO TrackBelongsToPlaylist(track,playlist,addedDate) VALUES('3s0h3pyKFrS3XX6ZLBPx6s','uEW6GeHCTKiLAkrB2A3cOZ',NOW());
INSERT INTO TrackBelongsToPlaylist(track,playlist,addedDate) VALUES('49YSEtSJwtu1mEDdpBeid5','uEW6GeHCTKiLAkrB2A3cOZ',NOW());
INSERT INTO TrackBelongsToPlaylist(track,playlist,addedDate) VALUES('4f7VuVjZojuwSaCQIi31Zz','uEW6GeHCTKiLAkrB2A3cOZ',NOW());
INSERT INTO TrackBelongsToPlaylist(track,playlist,addedDate) VALUES('4g2pV4r3RLEF1VHpBY9Zn4','uEW6GeHCTKiLAkrB2A3cOZ',NOW());
INSERT INTO TrackBelongsToPlaylist(track,playlist,addedDate) VALUES('4g6OlKaGZMA0MrGmMFskD1','NA2aYqVdEALi499lRYuqfu',NOW());
INSERT INTO TrackBelongsToPlaylist(track,playlist,addedDate) VALUES('4MSuuooujwFp2PSKDQGH2Z','NA2aYqVdEALi499lRYuqfu',NOW());
INSERT INTO TrackBelongsToPlaylist(track,playlist,addedDate) VALUES('4p2AOWttdXTc6BhW8XeRNO','NA2aYqVdEALi499lRYuqfu',NOW());
INSERT INTO TrackBelongsToPlaylist(track,playlist,addedDate) VALUES('4UrqtNRzqsDFowkvNeJQ3R','NA2aYqVdEALi499lRYuqfu',NOW());
INSERT INTO TrackBelongsToPlaylist(track,playlist,addedDate) VALUES('4vkeAHQBXmUTgMOfaT94CR','NA2aYqVdEALi499lRYuqfu',NOW());
INSERT INTO TrackBelongsToPlaylist(track,playlist,addedDate) VALUES('4wJcH46gHcKAB4TBBbXtbK','NA2aYqVdEALi499lRYuqfu',NOW());
INSERT INTO TrackBelongsToPlaylist(track,playlist,addedDate) VALUES('4XgmydIOGor2MLi5a7CEYa','NA2aYqVdEALi499lRYuqfu',NOW());
INSERT INTO TrackBelongsToPlaylist(track,playlist,addedDate) VALUES('5Dxz0gviDnCbziOTTGIyxo','NA2aYqVdEALi499lRYuqfu',NOW());
INSERT INTO TrackBelongsToPlaylist(track,playlist,addedDate) VALUES('5fk6yvauA2iaN1KQA2KZmp','NA2aYqVdEALi499lRYuqfu',NOW());
INSERT INTO TrackBelongsToPlaylist(track,playlist,addedDate) VALUES('5hOYQACuJVKPsVcTHjaeEH','NA2aYqVdEALi499lRYuqfu',NOW());
INSERT INTO TrackBelongsToPlaylist(track,playlist,addedDate) VALUES('05mDaV9Vb3wrzjF6OPZnhq','WSVaeQF40xY6qEhhSCsbfA',NOW());
INSERT INTO TrackBelongsToPlaylist(track,playlist,addedDate) VALUES('09IOPhEh1OMe0HD9b36FJk','WSVaeQF40xY6qEhhSCsbfA',NOW());
INSERT INTO TrackBelongsToPlaylist(track,playlist,addedDate) VALUES('0BsHTvuJOTqugNlgRG9ZF0','WSVaeQF40xY6qEhhSCsbfA',NOW());
INSERT INTO TrackBelongsToPlaylist(track,playlist,addedDate) VALUES('0e7ipj03S05BNilyu5bRzt','WSVaeQF40xY6qEhhSCsbfA',NOW());
INSERT INTO TrackBelongsToPlaylist(track,playlist,addedDate) VALUES('0Fn7tvBkLMTNVMAqizgH4k','WSVaeQF40xY6qEhhSCsbfA',NOW());
INSERT INTO TrackBelongsToPlaylist(track,playlist,addedDate) VALUES('0KAzP1Rbp0Vz5pw8i1KDDI','WSVaeQF40xY6qEhhSCsbfA',NOW());
INSERT INTO TrackBelongsToPlaylist(track,playlist,addedDate) VALUES('0MrRAUcB8AZiB9ue2VOBYe','WSVaeQF40xY6qEhhSCsbfA',NOW());
INSERT INTO TrackBelongsToPlaylist(track,playlist,addedDate) VALUES('0R6Jlsq25eZB3Wftpxi3oF','WSVaeQF40xY6qEhhSCsbfA',NOW());
INSERT INTO TrackBelongsToPlaylist(track,playlist,addedDate) VALUES('0ri5VOvqKzBBcxJDzqlYxi','WSVaeQF40xY6qEhhSCsbfA',NOW());
INSERT INTO TrackBelongsToPlaylist(track,playlist,addedDate) VALUES('0RiRZpuVRbi7oqRdSMwhQY','WSVaeQF40xY6qEhhSCsbfA',NOW());
INSERT INTO TrackBelongsToPlaylist(track,playlist,addedDate) VALUES('0t3ZvGKlmYmVsDzBJAXK8C','7Tu7fhjaFbJabiZTj6i30x',NOW());
INSERT INTO TrackBelongsToPlaylist(track,playlist,addedDate) VALUES('0u0SO9cNqI1Yz1SUZzCELj','7Tu7fhjaFbJabiZTj6i30x',NOW());
INSERT INTO TrackBelongsToPlaylist(track,playlist,addedDate) VALUES('0Xek5rqai2jcOWCYWJfVCF','7Tu7fhjaFbJabiZTj6i30x',NOW());
INSERT INTO TrackBelongsToPlaylist(track,playlist,addedDate) VALUES('12Fkyg9lpmaz2zmKOfw2Y2','7Tu7fhjaFbJabiZTj6i30x',NOW());
INSERT INTO TrackBelongsToPlaylist(track,playlist,addedDate) VALUES('1CHYTLOjp5TML1LEF7mEe6','7Tu7fhjaFbJabiZTj6i30x',NOW());
INSERT INTO TrackBelongsToPlaylist(track,playlist,addedDate) VALUES('1ckLp8lCl8LipXI0ypX72m','7Tu7fhjaFbJabiZTj6i30x',NOW());
INSERT INTO TrackBelongsToPlaylist(track,playlist,addedDate) VALUES('1ClVFfFkdrHrLxVh8opspw','7Tu7fhjaFbJabiZTj6i30x',NOW());
INSERT INTO TrackBelongsToPlaylist(track,playlist,addedDate) VALUES('1D2L6MefbXon28PzIk9I3r','7Tu7fhjaFbJabiZTj6i30x',NOW());
INSERT INTO TrackBelongsToPlaylist(track,playlist,addedDate) VALUES('1jJvopaIseWJor5ko3Q5AG','7Tu7fhjaFbJabiZTj6i30x',NOW());
INSERT INTO TrackBelongsToPlaylist(track,playlist,addedDate) VALUES('1q87xLDyoX2YBvNYpHhKz6','7Tu7fhjaFbJabiZTj6i30x',NOW());
INSERT INTO TrackBelongsToPlaylist(track,playlist,addedDate) VALUES('1YscJ7yVTlFxW3eF6pv5ba','pUU47F2AVbrbrZn09ZvlnZ',NOW());
INSERT INTO TrackBelongsToPlaylist(track,playlist,addedDate) VALUES('1ZemPoaj7LBj1RAQrb89EC','pUU47F2AVbrbrZn09ZvlnZ',NOW());
INSERT INTO TrackBelongsToPlaylist(track,playlist,addedDate) VALUES('21jGcNKet2qwijlDFuPiPb','pUU47F2AVbrbrZn09ZvlnZ',NOW());
INSERT INTO TrackBelongsToPlaylist(track,playlist,addedDate) VALUES('22Ay0H0k7fTEpEtTMAFQnV','pUU47F2AVbrbrZn09ZvlnZ',NOW());
INSERT INTO TrackBelongsToPlaylist(track,playlist,addedDate) VALUES('2C6WXnmZ66tHhHlnvwePiK','pUU47F2AVbrbrZn09ZvlnZ',NOW());
INSERT INTO TrackBelongsToPlaylist(track,playlist,addedDate) VALUES('2cvOfKHOHgwQlLiuLKP2xR','pUU47F2AVbrbrZn09ZvlnZ',NOW());
INSERT INTO TrackBelongsToPlaylist(track,playlist,addedDate) VALUES('2dnAlwEWCLxzI4VGuZ0PxO','pUU47F2AVbrbrZn09ZvlnZ',NOW());
INSERT INTO TrackBelongsToPlaylist(track,playlist,addedDate) VALUES('2J0NXdHr6MYvKDSxB7k3V2','pUU47F2AVbrbrZn09ZvlnZ',NOW());
INSERT INTO TrackBelongsToPlaylist(track,playlist,addedDate) VALUES('2SeWF8lz3BmRm3W9kGEeCg','pUU47F2AVbrbrZn09ZvlnZ',NOW());
INSERT INTO TrackBelongsToPlaylist(track,playlist,addedDate) VALUES('2VdT56BGpdqNHUgOe1j5vc','pUU47F2AVbrbrZn09ZvlnZ',NOW());
INSERT INTO TrackBelongsToPlaylist(track,playlist,addedDate) VALUES('30nz7PLdE6jqbkbgIZec87','eZnRqL7nh7NXW2EOQ2B8kd',NOW());
INSERT INTO TrackBelongsToPlaylist(track,playlist,addedDate) VALUES('32lItqlMi4LBhb4k0BaSaC','eZnRqL7nh7NXW2EOQ2B8kd',NOW());
INSERT INTO TrackBelongsToPlaylist(track,playlist,addedDate) VALUES('3fpVWegR6YOS1Yk5HSMYIq','eZnRqL7nh7NXW2EOQ2B8kd',NOW());
INSERT INTO TrackBelongsToPlaylist(track,playlist,addedDate) VALUES('3OFJWcw1sPjsRxVamNqUx3','eZnRqL7nh7NXW2EOQ2B8kd',NOW());
INSERT INTO TrackBelongsToPlaylist(track,playlist,addedDate) VALUES('3OogrVjXh87InQTgerA5VL','eZnRqL7nh7NXW2EOQ2B8kd',NOW());
INSERT INTO TrackBelongsToPlaylist(track,playlist,addedDate) VALUES('3swc6WTsr7rl9DqQKQA55C','eZnRqL7nh7NXW2EOQ2B8kd',NOW());
INSERT INTO TrackBelongsToPlaylist(track,playlist,addedDate) VALUES('42E5lPIvUHZEDASuSbQsh0','eZnRqL7nh7NXW2EOQ2B8kd',NOW());
INSERT INTO TrackBelongsToPlaylist(track,playlist,addedDate) VALUES('45I0cFWvCXJg1HUYNcwIF6','eZnRqL7nh7NXW2EOQ2B8kd',NOW());
INSERT INTO TrackBelongsToPlaylist(track,playlist,addedDate) VALUES('4AgfO6WuXQeyyHhcDql5Zi','eZnRqL7nh7NXW2EOQ2B8kd',NOW());
INSERT INTO TrackBelongsToPlaylist(track,playlist,addedDate) VALUES('4H7WNRErSbONkM06blBoGc','eZnRqL7nh7NXW2EOQ2B8kd',NOW());
INSERT INTO TrackBelongsToPlaylist(track,playlist,addedDate) VALUES('03d8S7FBY2kIzhP0E7l4rn','mOd5giEfK8mWOCgB2QTM8s',NOW());
INSERT INTO TrackBelongsToPlaylist(track,playlist,addedDate) VALUES('0DBb4vItW595Mljc7vXaVu','mOd5giEfK8mWOCgB2QTM8s',NOW());
INSERT INTO TrackBelongsToPlaylist(track,playlist,addedDate) VALUES('0Nd1O1ML3NNvEOXjVp28Jm','mOd5giEfK8mWOCgB2QTM8s',NOW());
INSERT INTO TrackBelongsToPlaylist(track,playlist,addedDate) VALUES('0OxBfQoUuoIvZftgqJhGSk','mOd5giEfK8mWOCgB2QTM8s',NOW());
INSERT INTO TrackBelongsToPlaylist(track,playlist,addedDate) VALUES('0UotfxRXpJwpem9QheCD5a','mOd5giEfK8mWOCgB2QTM8s',NOW());
INSERT INTO TrackBelongsToPlaylist(track,playlist,addedDate) VALUES('13jZegMRYjLawFIGa6OSoY','mOd5giEfK8mWOCgB2QTM8s',NOW());
INSERT INTO TrackBelongsToPlaylist(track,playlist,addedDate) VALUES('16UmMwi4LOZ2Y3U6VtXIht','mOd5giEfK8mWOCgB2QTM8s',NOW());
INSERT INTO TrackBelongsToPlaylist(track,playlist,addedDate) VALUES('1CPIDZXj3hcwvYBgCZkJSE','mOd5giEfK8mWOCgB2QTM8s',NOW());
INSERT INTO TrackBelongsToPlaylist(track,playlist,addedDate) VALUES('1eIoa430A2fLhIVgoxtT9b','mOd5giEfK8mWOCgB2QTM8s',NOW());
INSERT INTO TrackBelongsToPlaylist(track,playlist,addedDate) VALUES('1ervkI01nomSscN6jTN3Fx','JbgJWXvmkciLFI3mQpGYjL',NOW());
INSERT INTO TrackBelongsToPlaylist(track,playlist,addedDate) VALUES('1HONerjyVg01NgExNFPhtP','JbgJWXvmkciLFI3mQpGYjL',NOW());
INSERT INTO TrackBelongsToPlaylist(track,playlist,addedDate) VALUES('1jtL6s91qY9BF0gIZoS6gq','JbgJWXvmkciLFI3mQpGYjL',NOW());
INSERT INTO TrackBelongsToPlaylist(track,playlist,addedDate) VALUES('1RvoRAL612adAVrPUoAMHR','JbgJWXvmkciLFI3mQpGYjL',NOW());
INSERT INTO TrackBelongsToPlaylist(track,playlist,addedDate) VALUES('21LRaD9rB3v7p7DDCZsW4y','JbgJWXvmkciLFI3mQpGYjL',NOW());
INSERT INTO TrackBelongsToPlaylist(track,playlist,addedDate) VALUES('21uV2sH9oWyO7bC6haDS2d','JbgJWXvmkciLFI3mQpGYjL',NOW());
INSERT INTO TrackBelongsToPlaylist(track,playlist,addedDate) VALUES('2apYIejRlv1Xi6pkTc2BNA','JbgJWXvmkciLFI3mQpGYjL',NOW());
INSERT INTO TrackBelongsToPlaylist(track,playlist,addedDate) VALUES('2FqJ2BGgavgYVfDYkqk4Pp','JbgJWXvmkciLFI3mQpGYjL',NOW());
INSERT INTO TrackBelongsToPlaylist(track,playlist,addedDate) VALUES('2woGHWgrFfjXAgdUsitbqr','JbgJWXvmkciLFI3mQpGYjL',NOW());
INSERT INTO TrackBelongsToPlaylist(track,playlist,addedDate) VALUES('39j8ZzWl4YS35OyMeJEswx','VFq9fMG3WU07YmAPVOuRin',NOW());
INSERT INTO TrackBelongsToPlaylist(track,playlist,addedDate) VALUES('3EWMoDIm6lzuR0zQKtuCJX','VFq9fMG3WU07YmAPVOuRin',NOW());
INSERT INTO TrackBelongsToPlaylist(track,playlist,addedDate) VALUES('3pHQi9I4P5ClQmv14wdvmj','VFq9fMG3WU07YmAPVOuRin',NOW());
INSERT INTO TrackBelongsToPlaylist(track,playlist,addedDate) VALUES('3TmEs7hp517ODfZEuMephD','VFq9fMG3WU07YmAPVOuRin',NOW());
INSERT INTO TrackBelongsToPlaylist(track,playlist,addedDate) VALUES('3TRGawrLMx6PcJ0U0cDVqX','VFq9fMG3WU07YmAPVOuRin',NOW());
INSERT INTO TrackBelongsToPlaylist(track,playlist,addedDate) VALUES('3xca35T5BVLg4ePuVzc7wW','VFq9fMG3WU07YmAPVOuRin',NOW());
INSERT INTO TrackBelongsToPlaylist(track,playlist,addedDate) VALUES('4CVLuvAvtEvXJPFUQjSOvw','VFq9fMG3WU07YmAPVOuRin',NOW());
INSERT INTO TrackBelongsToPlaylist(track,playlist,addedDate) VALUES('4dCqcIjr2rIAoTa6oTUUql','VFq9fMG3WU07YmAPVOuRin',NOW());
INSERT INTO TrackBelongsToPlaylist(track,playlist,addedDate) VALUES('4NoQHLpKSJCaxKduEUDiit','VFq9fMG3WU07YmAPVOuRin',NOW());
INSERT INTO TrackBelongsToPlaylist(track,playlist,addedDate) VALUES('4RuNKwejhQSChYaNgfosEg','kb2BooEX18RNOOWIoo3bUO',NOW());
INSERT INTO TrackBelongsToPlaylist(track,playlist,addedDate) VALUES('51T2SPBH4YjbrFJE94NJT6','kb2BooEX18RNOOWIoo3bUO',NOW());
INSERT INTO TrackBelongsToPlaylist(track,playlist,addedDate) VALUES('5MwynWK9s4hlyKHqhkNn4A','kb2BooEX18RNOOWIoo3bUO',NOW());
INSERT INTO TrackBelongsToPlaylist(track,playlist,addedDate) VALUES('5pvtbVMatboYksQ0xmPmdp','kb2BooEX18RNOOWIoo3bUO',NOW());
INSERT INTO TrackBelongsToPlaylist(track,playlist,addedDate) VALUES('5sa8bA01qZbhw9Ktxd1W2T','kb2BooEX18RNOOWIoo3bUO',NOW());
INSERT INTO TrackBelongsToPlaylist(track,playlist,addedDate) VALUES('5V4Sx4VKnHwyM6CjZnfce2','kb2BooEX18RNOOWIoo3bUO',NOW());
INSERT INTO TrackBelongsToPlaylist(track,playlist,addedDate) VALUES('5WPNqF4diE0xdnGTEBOUM3','kb2BooEX18RNOOWIoo3bUO',NOW());
INSERT INTO TrackBelongsToPlaylist(track,playlist,addedDate) VALUES('5x7Fb9wMOtxd7eZzQ9EzVd','kb2BooEX18RNOOWIoo3bUO',NOW());
INSERT INTO TrackBelongsToPlaylist(track,playlist,addedDate) VALUES('6AjPoqyODR5vJxx4dPcked','kb2BooEX18RNOOWIoo3bUO',NOW());
INSERT INTO TrackBelongsToPlaylist(track,playlist,addedDate) VALUES('0oaY19dUwZimIgzn3ZZLZO','R1kn0yocXXUlgLKG79yWH7',NOW());
INSERT INTO TrackBelongsToPlaylist(track,playlist,addedDate) VALUES('137mSruegm1u6x9NvwiagR','R1kn0yocXXUlgLKG79yWH7',NOW());
INSERT INTO TrackBelongsToPlaylist(track,playlist,addedDate) VALUES('1nahzW3kfMuwReTka28tH5','R1kn0yocXXUlgLKG79yWH7',NOW());
INSERT INTO TrackBelongsToPlaylist(track,playlist,addedDate) VALUES('27UcQ6dAvQrgH9C880rCM3','R1kn0yocXXUlgLKG79yWH7',NOW());
INSERT INTO TrackBelongsToPlaylist(track,playlist,addedDate) VALUES('2tB9OFgAHjAds3cqquLlvp','R1kn0yocXXUlgLKG79yWH7',NOW());
INSERT INTO TrackBelongsToPlaylist(track,playlist,addedDate) VALUES('2WnAKZefdRHxtBEkRjFOHC','R1kn0yocXXUlgLKG79yWH7',NOW());
INSERT INTO TrackBelongsToPlaylist(track,playlist,addedDate) VALUES('3buwFfY33H32wfZ6X9poV3','R1kn0yocXXUlgLKG79yWH7',NOW());
INSERT INTO TrackBelongsToPlaylist(track,playlist,addedDate) VALUES('3S8jK1mGzQi24ilFb45DAZ','R1kn0yocXXUlgLKG79yWH7',NOW());
INSERT INTO TrackBelongsToPlaylist(track,playlist,addedDate) VALUES('3T03rPwlL8NVk1yIaxeD8U','R1kn0yocXXUlgLKG79yWH7',NOW());
INSERT INTO TrackBelongsToPlaylist(track,playlist,addedDate) VALUES('4iJyoBOLtHqaGxP12qzhQI','R1kn0yocXXUlgLKG79yWH7',NOW());
INSERT INTO TrackBelongsToPlaylist(track,playlist,addedDate) VALUES('5NU40QTlXrDUJzDBdv79bg','8rNOd494DEYPasXarQUx5t',NOW());
INSERT INTO TrackBelongsToPlaylist(track,playlist,addedDate) VALUES('680qLWCMRfR6evrNNBCE9e','8rNOd494DEYPasXarQUx5t',NOW());
INSERT INTO TrackBelongsToPlaylist(track,playlist,addedDate) VALUES('6F2r4HgpJnvKDmkN6JEN6J','8rNOd494DEYPasXarQUx5t',NOW());
INSERT INTO TrackBelongsToPlaylist(track,playlist,addedDate) VALUES('6I3mqTwhRpn34SLVafSH7G','8rNOd494DEYPasXarQUx5t',NOW());
INSERT INTO TrackBelongsToPlaylist(track,playlist,addedDate) VALUES('6Xgq7MvZiet0hVi3KaDSgJ','8rNOd494DEYPasXarQUx5t',NOW());
INSERT INTO TrackBelongsToPlaylist(track,playlist,addedDate) VALUES('7aely3H8kMj9o0gt6vXHE1','8rNOd494DEYPasXarQUx5t',NOW());
INSERT INTO TrackBelongsToPlaylist(track,playlist,addedDate) VALUES('07Wqp9LcTwzdIyuI0twXjx','8rNOd494DEYPasXarQUx5t',NOW());
INSERT INTO TrackBelongsToPlaylist(track,playlist,addedDate) VALUES('0ct6r3EGTcMLPtrXHDvVjc','8rNOd494DEYPasXarQUx5t',NOW());
INSERT INTO TrackBelongsToPlaylist(track,playlist,addedDate) VALUES('0HZgYFimoJG9Ijy8InUWcV','8rNOd494DEYPasXarQUx5t',NOW());
INSERT INTO TrackBelongsToPlaylist(track,playlist,addedDate) VALUES('0JZ9TvOLtZJaGqIyC4hYZX','8rNOd494DEYPasXarQUx5t',NOW());
INSERT INTO TrackBelongsToPlaylist(track,playlist,addedDate) VALUES('0vrmHPfoBadXVr2n0m1aqZ','6ijXKzWrvbH9AfBTP6A6EJ',NOW());
INSERT INTO TrackBelongsToPlaylist(track,playlist,addedDate) VALUES('1rDETmcizen79JghAEm1Se','6ijXKzWrvbH9AfBTP6A6EJ',NOW());
INSERT INTO TrackBelongsToPlaylist(track,playlist,addedDate) VALUES('1yfyIdEw5U2bD5I6gxQCxW','6ijXKzWrvbH9AfBTP6A6EJ',NOW());
INSERT INTO TrackBelongsToPlaylist(track,playlist,addedDate) VALUES('260jSxvzkFt71ksvkcy2ke','6ijXKzWrvbH9AfBTP6A6EJ',NOW());
INSERT INTO TrackBelongsToPlaylist(track,playlist,addedDate) VALUES('2K1zp0p7PVmrBUQu6evtfe','6ijXKzWrvbH9AfBTP6A6EJ',NOW());
INSERT INTO TrackBelongsToPlaylist(track,playlist,addedDate) VALUES('2P4OICZRVAQcYAV2JReRfj','6ijXKzWrvbH9AfBTP6A6EJ',NOW());
INSERT INTO TrackBelongsToPlaylist(track,playlist,addedDate) VALUES('2x0RZdkZcD8QRI53XT4GI5','6ijXKzWrvbH9AfBTP6A6EJ',NOW());
INSERT INTO TrackBelongsToPlaylist(track,playlist,addedDate) VALUES('35j3CjgBRoqLp8LsAKsQF4','6ijXKzWrvbH9AfBTP6A6EJ',NOW());
INSERT INTO TrackBelongsToPlaylist(track,playlist,addedDate) VALUES('3Ai7wKn9UYkkNuygKgf4b2','6ijXKzWrvbH9AfBTP6A6EJ',NOW());
INSERT INTO TrackBelongsToPlaylist(track,playlist,addedDate) VALUES('3MhNgzZwFtUF6jSr6pRSkW','6ijXKzWrvbH9AfBTP6A6EJ',NOW());
INSERT INTO TrackBelongsToPlaylist(track,playlist,addedDate) VALUES('3Q95VQL8yWRO8mkF6VoDzi','FjjwVrno0mJ57HybmyYSJ8',NOW());
INSERT INTO TrackBelongsToPlaylist(track,playlist,addedDate) VALUES('3uEu7hcvgrSOrgnMxzqugh','FjjwVrno0mJ57HybmyYSJ8',NOW());
INSERT INTO TrackBelongsToPlaylist(track,playlist,addedDate) VALUES('4zJ3S7wjKwPvLbWmeKhceh','FjjwVrno0mJ57HybmyYSJ8',NOW());
INSERT INTO TrackBelongsToPlaylist(track,playlist,addedDate) VALUES('5dVUSdsePmEKkq4ryfrobU','FjjwVrno0mJ57HybmyYSJ8',NOW());
INSERT INTO TrackBelongsToPlaylist(track,playlist,addedDate) VALUES('5Iy2Jj87Ha0C0IBlNE1I4y','FjjwVrno0mJ57HybmyYSJ8',NOW());
INSERT INTO TrackBelongsToPlaylist(track,playlist,addedDate) VALUES('5IZg7Ngm3CTOj9l00YSrt9','FjjwVrno0mJ57HybmyYSJ8',NOW());
INSERT INTO TrackBelongsToPlaylist(track,playlist,addedDate) VALUES('5vENpNhFdtArPAJgTAtnla','FjjwVrno0mJ57HybmyYSJ8',NOW());
INSERT INTO TrackBelongsToPlaylist(track,playlist,addedDate) VALUES('6aPDvttLmezuUlv60ExTH9','FjjwVrno0mJ57HybmyYSJ8',NOW());
INSERT INTO TrackBelongsToPlaylist(track,playlist,addedDate) VALUES('6EBlOYNcZ8MrdEov9lEdV6','FjjwVrno0mJ57HybmyYSJ8',NOW());
INSERT INTO TrackBelongsToPlaylist(track,playlist,addedDate) VALUES('6kXNnS7JJz0nAv4XEwEmQJ','FjjwVrno0mJ57HybmyYSJ8',NOW());
INSERT INTO TrackBelongsToPlaylist(track,playlist,addedDate) VALUES('02oJPSOD543viMH6d5VZkM','AGo63tostpFODB023uapny',NOW());
INSERT INTO TrackBelongsToPlaylist(track,playlist,addedDate) VALUES('086LXfSk4U5XEALardCE7k','AGo63tostpFODB023uapny',NOW());
INSERT INTO TrackBelongsToPlaylist(track,playlist,addedDate) VALUES('08ir631EiCA7xIms7JDp15','AGo63tostpFODB023uapny',NOW());
INSERT INTO TrackBelongsToPlaylist(track,playlist,addedDate) VALUES('09FfQO3PqHO4HIJL511Ksi','AGo63tostpFODB023uapny',NOW());
INSERT INTO TrackBelongsToPlaylist(track,playlist,addedDate) VALUES('0BUFqsMsqAmKQPhLBXnmv7','AGo63tostpFODB023uapny',NOW());
INSERT INTO TrackBelongsToPlaylist(track,playlist,addedDate) VALUES('0evt4UZbdhnHtcAnxkm6A1','AGo63tostpFODB023uapny',NOW());
INSERT INTO TrackBelongsToPlaylist(track,playlist,addedDate) VALUES('0FLIBDpU2S5bb6TfMB4NuQ','AGo63tostpFODB023uapny',NOW());
INSERT INTO TrackBelongsToPlaylist(track,playlist,addedDate) VALUES('0GRzZ2o5LtYDEOUNjbzTUa','AGo63tostpFODB023uapny',NOW());
INSERT INTO TrackBelongsToPlaylist(track,playlist,addedDate) VALUES('0uAkm1iQLrzweZ4U1iXy6w','fY1hQJ08pO7QHlPcB3uIvG',NOW());
INSERT INTO TrackBelongsToPlaylist(track,playlist,addedDate) VALUES('0UtAEonU5MhbGljzcaa5Kx','fY1hQJ08pO7QHlPcB3uIvG',NOW());
INSERT INTO TrackBelongsToPlaylist(track,playlist,addedDate) VALUES('0Uv5Kp8sEnriJjkX4oLfNI','fY1hQJ08pO7QHlPcB3uIvG',NOW());
INSERT INTO TrackBelongsToPlaylist(track,playlist,addedDate) VALUES('1cEUi8QulMj1xgrPwwGC2p','fY1hQJ08pO7QHlPcB3uIvG',NOW());
INSERT INTO TrackBelongsToPlaylist(track,playlist,addedDate) VALUES('1Fcl0NpPPx7YCUSmQFRUEe','fY1hQJ08pO7QHlPcB3uIvG',NOW());
INSERT INTO TrackBelongsToPlaylist(track,playlist,addedDate) VALUES('1oHXeD1gQQCQUYHeHp2HMU','fY1hQJ08pO7QHlPcB3uIvG',NOW());
INSERT INTO TrackBelongsToPlaylist(track,playlist,addedDate) VALUES('1qFip2ddjfGlKkXDhfBnBr','fY1hQJ08pO7QHlPcB3uIvG',NOW());
INSERT INTO TrackBelongsToPlaylist(track,playlist,addedDate) VALUES('1sv41rYgHhPWdyzwk5K9zy','fY1hQJ08pO7QHlPcB3uIvG',NOW());
INSERT INTO TrackBelongsToPlaylist(track,playlist,addedDate) VALUES('28FGV3ORH14MYORd7s5dlU','2Fk174hLD7WUFNrC5Ct54n',NOW());
INSERT INTO TrackBelongsToPlaylist(track,playlist,addedDate) VALUES('2gsNpSn7VvvJuSrIDfRoYy','2Fk174hLD7WUFNrC5Ct54n',NOW());
INSERT INTO TrackBelongsToPlaylist(track,playlist,addedDate) VALUES('2jt2WxXMCD4zjACthkJQVE','2Fk174hLD7WUFNrC5Ct54n',NOW());
INSERT INTO TrackBelongsToPlaylist(track,playlist,addedDate) VALUES('2KBRNUt33CrlaFPEz4bQYs','2Fk174hLD7WUFNrC5Ct54n',NOW());
INSERT INTO TrackBelongsToPlaylist(track,playlist,addedDate) VALUES('2lPE6W6ONJKmBE6hLjpIYo','2Fk174hLD7WUFNrC5Ct54n',NOW());
INSERT INTO TrackBelongsToPlaylist(track,playlist,addedDate) VALUES('2SL6oP2YAEQbqsrkOzRGO4','2Fk174hLD7WUFNrC5Ct54n',NOW());
INSERT INTO TrackBelongsToPlaylist(track,playlist,addedDate) VALUES('2XTquzYQAdT1Hk78bOUwsv','2Fk174hLD7WUFNrC5Ct54n',NOW());
INSERT INTO TrackBelongsToPlaylist(track,playlist,addedDate) VALUES('33xM3SLxNLpZxbvxOzBbew','2Fk174hLD7WUFNrC5Ct54n',NOW());
INSERT INTO TrackBelongsToPlaylist(track,playlist,addedDate) VALUES('3eMsgWDRq5dKl5SBTYGv2J','a4dQRLCKdSUD8cXkWu80OB',NOW());
INSERT INTO TrackBelongsToPlaylist(track,playlist,addedDate) VALUES('3pP03wsvFu1LADWt7bRYBK','a4dQRLCKdSUD8cXkWu80OB',NOW());
INSERT INTO TrackBelongsToPlaylist(track,playlist,addedDate) VALUES('3WpHqtFUwzIQBsV9YC5iNc','a4dQRLCKdSUD8cXkWu80OB',NOW());
INSERT INTO TrackBelongsToPlaylist(track,playlist,addedDate) VALUES('435kMcZJuXJJwKelsDjP4R','a4dQRLCKdSUD8cXkWu80OB',NOW());
INSERT INTO TrackBelongsToPlaylist(track,playlist,addedDate) VALUES('4g32MdRoqwGKQd3NXIRhpU','a4dQRLCKdSUD8cXkWu80OB',NOW());
INSERT INTO TrackBelongsToPlaylist(track,playlist,addedDate) VALUES('4rTlPsga6T8yiHGOvZAPhJ','a4dQRLCKdSUD8cXkWu80OB',NOW());
INSERT INTO TrackBelongsToPlaylist(track,playlist,addedDate) VALUES('50le2HSqQAIqB4BGD4cE9e','a4dQRLCKdSUD8cXkWu80OB',NOW());
INSERT INTO TrackBelongsToPlaylist(track,playlist,addedDate) VALUES('58QhkbaAkLFnn7JwAnAato','a4dQRLCKdSUD8cXkWu80OB',NOW());